orsak,sokfras,sokningar_man,ursprunglig_grupp
brand,besiktningsman se,260,besiktningsman
brand,mäta mögel i hus anticimex,140,mögel i hus symptom
brand,anticimex överlåtelsebesiktning,50,överlåtelsebesiktning
brand,anticimex fuktmätning kostnad,50,fuktmätning badrum
brand,vad kostar en besiktning av hus anticimex,40,besiktning hus
brand,anticimex överlåtelsebesiktning pris,40,överlåtelsebesiktning
brand,anticimex fuktmätning,40,fuktmätare betongplatta
brand,polygon fuktmätning,40,fuktmätare betongplatta
brand,hsb underhållsplan,30,hsb underhållsplan
brand,sbc underhållsplan,30,hsb underhållsplan
brand,ocab fuktmätning,30,fuktmätare betongplatta
brand,anticimex besiktningsman,20,besiktningsman
brand,överlåtelsebesiktning anticimex,20,överlåtelsebesiktning
brand,garbo besiktningsman,20,besiktningsman
brand,besiktning hus anticimex pris,10,besiktning hus
brand,kostnad besiktning hus anticimex,10,besiktning hus
brand,tomas lundin besiktningsman,10,besiktningsman
brand,anticimex överlåtelsebesiktning kostnad,10,överlåtelsebesiktning
brand,överlåtelsebesiktning anticimex pris,10,överlåtelsebesiktning
brand,överlåtelsebesiktning pris anticimex,10,överlåtelsebesiktning
brand,pris överlåtelsebesiktning anticimex,10,överlåtelsebesiktning
brand,anticimex fuktmätare,10,fuktmätare betongplatta
brand,fuktmätning anticimex,10,fuktmätare betongplatta
brand,fuktutredning anticimex,10,fuktmätare betongplatta
brand,fuktskada länsförsäkringar,10,fukt skador
brand,länsförsäkringar fuktskada,10,fukt skador
brand,besiktning badrum anticimex,10,badrumsbesiktningar
brand,hsb underhållsplan online,10,hsb underhållsplan
brand,underhållsplan hsb,10,hsb underhållsplan
brand,folksam fuktskada,10,folksam fuktskada
brand,folksam fuktskador,10,folksam fuktskada
brand,folksam hemförsäkring fuktskada,10,folksam fuktskada
brand,fuktskada folksam,10,folksam fuktskada
brand,björn sjödin besiktningsman,10,besiktningsman
brand,peter jordan besiktningsman,10,besiktningsman
brand,peter lorentzon besiktningsman,10,besiktningsman
brand,tomas thulin besiktningsman,10,besiktningsman
brand,eminenta överlåtelsebesiktning,10,överlåtelsebesiktning
brand,garbo slutbesiktning,10,överlåtelsebesiktning
brand,obm gruppen överlåtelsebesiktning,10,överlåtelsebesiktning
brand,humidus fuktmätning,10,fuktmätare betongplatta
brand,konkret fuktmätare,10,fuktmätare betongplatta
brand,trygg hansa fuktskada,10,fukt skador
car,transportstyrelsen besiktningsprotokoll,3600,transportstyrelsen besiktningsprotokoll
car,besiktningsprotokoll,2400,besiktningsprotokoll
car,bilbesiktning stockholm,1900,bilbesiktning stockholm
car,carspect besiktningsprotokoll,1600,transportstyrelsen besiktningsprotokoll
car,bilprovningen högdalen,1300,bilprovningen högdalen
car,bilprovning ekerö,480,bilprovning ekerö
car,trafikverket besiktningsprotokoll,390,transportstyrelsen besiktningsprotokoll
car,besiktningsprotokoll transportstyrelsen,320,transportstyrelsen besiktningsprotokoll
car,senaste besiktningsprotokoll,320,besiktningsprotokoll
car,besiktning högdalen,320,besiktning högdalen
car,besiktningsprotokoll besikta,260,besiktningsprotokoll
car,se besiktningsprotokoll,260,besiktningsprotokoll
car,efterbesiktning,260,efterbesiktning
car,bilprovningen besiktningsprotokoll,210,transportstyrelsen besiktningsprotokoll
car,bilbesiktning högdalen,210,besiktning högdalen
car,bilprovningen gärdet,210,bilprovningen gärdet
car,besikta bil stockholm,210,besikta bil stockholm
car,hitta besiktningsprotokoll,170,besiktningsprotokoll
car,besiktning mc stockholm,170,bilbesiktning stockholm
car,besiktning vinsta,170,besiktning vinsta
car,bilprovningen vinsta,170,besiktning vinsta
car,dekra besiktningsprotokoll,170,dekra besiktningsprotokoll
car,kolla besiktningsprotokoll,140,besiktningsprotokoll
car,besikta västberga,140,besiktning vinsta
car,bilbesiktning bromma,140,bilbesiktning bromma
car,gamla besiktningsprotokoll,110,besiktningsprotokoll
car,senaste besiktningsprotokoll besikta,110,besiktningsprotokoll
car,billigaste bilbesiktning stockholm,110,bilbesiktning stockholm
car,bilbesiktning vinsta,110,besiktning vinsta
car,besiktning ekerö,110,bilprovning ekerö
car,beställa besiktningsprotokoll,110,beställa besiktningsprotokoll
car,besiktning bil stockholm,90,bilbesiktning stockholm
car,bilprovning stockholm,90,besiktningsman stockholm
car,bilprovningen stockholm,90,besiktningsman stockholm
car,besikta mc stockholm,90,besikta bil stockholm
car,besiktning bromma,90,bilbesiktning bromma
car,besiktningsprotokoll carspect,70,transportstyrelsen besiktningsprotokoll
car,besiktningsprotokoll online,70,besiktningsprotokoll
car,tidigare besiktningsprotokoll,70,besiktningsprotokoll
car,billigaste besiktning stockholm,70,bilbesiktning stockholm
car,efterbesiktning bil,70,efterbesiktning
car,bilprovning segeltorp,70,bilprovning ekerö
car,besikta bilen högdalen,70,besiktning högdalen
car,efterbesiktning pris,70,efterbesiktning
car,besikta besiktningsprotokoll,50,besiktningsprotokoll
car,se tidigare besiktningsprotokoll,50,besiktningsprotokoll
car,bilbesiktning lördag stockholm,50,bilbesiktning stockholm
car,besiktning västberga,50,besiktning vinsta
car,bilbesiktning vällingby,50,besiktning vinsta
car,bilprovning sundbyberg,50,bilprovning ekerö
car,bilprovning bromma,50,bilbesiktning bromma
car,besiktning segeltorp,50,besiktning av tak
car,besiktningsprotokoll dekra,50,dekra besiktningsprotokoll
car,opus bilprovning stockholm,50,opus bilprovning stockholm
car,biluppgifter besiktningsprotokoll,40,besiktningsprotokoll
car,få fram besiktningsprotokoll,40,besiktningsprotokoll
car,se senaste besiktningsprotokoll,40,besiktningsprotokoll
car,besiktning släp stockholm,40,bilbesiktning stockholm
car,bilbesiktning sundbyberg,40,bilbesiktning stockholm
car,billig bilbesiktning stockholm,40,bilbesiktning stockholm
car,bilbesiktning västberga,40,besiktning vinsta
car,bilbesiktning segeltorp,40,bilprovning ekerö
car,besikta stockholm,40,besikta bil stockholm
car,besiktning akalla,40,besiktning akalla
car,besiktningsprotokoll bilprovningen,30,transportstyrelsen besiktningsprotokoll
car,få ut besiktningsprotokoll,30,besiktningsprotokoll
car,hitta gamla besiktningsprotokoll,30,besiktningsprotokoll
car,kolla upp besiktningsprotokoll,30,besiktningsprotokoll
car,se besiktningsprotokoll online,30,besiktningsprotokoll
car,sök besiktningsprotokoll,30,besiktningsprotokoll
car,besiktning lördag stockholm,30,bilbesiktning stockholm
car,bilbesiktning danderyd,30,efterbesiktning
car,besiktning vällingby,30,besiktning vinsta
car,bilbesiktning vårby,30,besiktning vinsta
car,bilprovning vällingby,30,bilprovning ekerö
car,besiktning gärdet,30,bilprovningen gärdet
car,besikta bilen bromma,30,bilbesiktning bromma
car,registreringsbesiktning stockholm,30,bilbesiktning stockholm
car,besiktning vårby,30,besiktning vinsta
car,kolla gamla besiktningsprotokoll,20,besiktningsprotokoll
car,besiktning släpvagn stockholm,20,bilbesiktning stockholm
car,bilbesiktning stockholm pris,20,bilbesiktning stockholm
car,billig besiktning bil stockholm,20,bilbesiktning stockholm
car,besiktning barkarby,20,efterbesiktning
car,besiktning farsta,20,efterbesiktning
car,besiktning hägersten,20,efterbesiktning
car,bilbesiktning barkarby,20,efterbesiktning
car,bilbesiktning farsta,20,efterbesiktning
car,bilbesiktning hägersten,20,efterbesiktning
car,bilprovning västberga,20,besiktning vinsta
car,besiktning bil högdalen,20,besiktning högdalen
car,högdalen bilbesiktning,20,besiktning högdalen
car,besikta bilen billigt stockholm,20,besikta bil stockholm
car,besikta bilen sätra,20,besikta bil stockholm
car,besikta bilen sundbyberg,20,besikta bil stockholm
car,besikta släp stockholm,20,besikta bil stockholm
car,besiktning bil bromma,20,bilbesiktning bromma
car,opus bilprovning bromma,20,bilbesiktning bromma
car,besiktningspapper online,20,beställa besiktningsprotokoll
car,beställ besiktningsprotokoll,20,beställa besiktningsprotokoll
car,beställa besiktningsprotokoll besikta,20,beställa besiktningsprotokoll
car,bilbesiktning högdalen opus,20,opus bilprovning stockholm
car,efterbesiktning opus,20,opus bilprovning stockholm
car,opus besiktning högdalen,20,opus bilprovning stockholm
car,opus bilbesiktning högdalen,20,opus bilprovning stockholm
car,besiktning danderyd,20,besiktning av tak
car,besiktningsprotokoll 2x,10,transportstyrelsen besiktningsprotokoll
car,besiktningsprotokoll carfax,10,transportstyrelsen besiktningsprotokoll
car,besiktningsprotokoll svensk bilprovning,10,transportstyrelsen besiktningsprotokoll
car,senaste besiktningsprotokoll carspect,10,transportstyrelsen besiktningsprotokoll
car,senaste besiktningsprotokoll transportstyrelsen,10,transportstyrelsen besiktningsprotokoll
car,äldre besiktningsprotokoll,10,besiktningsprotokoll
car,besiktningsprotokoll på nätet,10,besiktningsprotokoll
car,digitala besiktningsprotokoll,10,besiktningsprotokoll
car,få besiktningsprotokoll,10,besiktningsprotokoll
car,få fram gamla besiktningsprotokoll,10,besiktningsprotokoll
car,få ut besiktningsprotokoll carspect,10,besiktningsprotokoll
car,gamla besiktningsprotokoll besikta,10,besiktningsprotokoll
car,hitta senaste besiktningsprotokoll,10,besiktningsprotokoll
car,kolla senaste besiktningsprotokoll,10,besiktningsprotokoll
car,kolla tidigare besiktningsprotokoll,10,besiktningsprotokoll
car,se bilens senaste besiktningsprotokoll,10,besiktningsprotokoll
car,senaste besiktningsprotokollet,10,besiktningsprotokoll
car,tidigare besiktningsprotokoll besikta,10,besiktningsprotokoll
car,besiktning bil sätra,10,bilbesiktning stockholm
car,besiktning gärdet stockholm,10,bilbesiktning stockholm
car,besiktning husbil stockholm,10,bilbesiktning stockholm
car,besiktning husvagn stockholm,10,bilbesiktning stockholm
car,besiktning lastbil stockholm,10,bilbesiktning stockholm
car,besiktning sätra stockholm,10,bilbesiktning stockholm
car,bilbesiktning skärholmen,10,bilbesiktning stockholm
car,dekra besiktning stockholm,10,bilbesiktning stockholm
car,drive in bilbesiktning stockholm,10,bilbesiktning stockholm
car,besiktning bil barkarby,10,efterbesiktning
car,besiktning sundbyberg rissne,10,efterbesiktning
car,bilprovningen efterbesiktning,10,efterbesiktning
car,carspect efterbesiktning,10,efterbesiktning
car,efter besiktning av bil,10,efterbesiktning
car,efterbesiktning bilprovningen,10,efterbesiktning
car,efterbesiktning carspect,10,efterbesiktning
car,besikta vinsta,10,besiktning vinsta
car,besiktning bil vällingby,10,besiktning vinsta
car,besiktning bil ekerö,10,bilprovning ekerö
car,bilprovning barkarby,10,bilprovning ekerö
car,besikta mc högdalen,10,besiktning högdalen
car,besiktning högdalens industriområde,10,besiktning högdalen
car,mc besiktning högdalen,10,besiktning högdalen
car,billig bilprovning stockholm,10,besiktningsman stockholm
car,billigaste bilprovningen stockholm,10,besiktningsman stockholm
car,bilprovning mc stockholm,10,besiktningsman stockholm
car,svensk bilprovning stockholm,10,besiktningsman stockholm
car,besikta bilen hägersten,10,besikta bil stockholm
car,besikta bilen johanneshov,10,besikta bil stockholm
car,besikta bilen södermalm,10,besikta bil stockholm
car,besikta husbil stockholm,10,besikta bil stockholm
car,besikta husvagn stockholm,10,besikta bil stockholm
car,besikta lastbil stockholm,10,besikta bil stockholm
car,besiktning bromma blocks,10,bilbesiktning bromma
car,beställa besiktningsprotokoll carspect,10,beställa besiktningsprotokoll
car,beställa gamla besiktningsprotokoll,10,beställa besiktningsprotokoll
car,oberoende besiktningsman bil,10,oberoende besiktningsman
car,dekra efterbesiktning,10,dekra besiktningsprotokoll
car,efterbesiktning dekra,10,dekra besiktningsprotokoll
car,besiktning högdalen opus,10,opus bilprovning stockholm
car,besiktning opus högdalen,10,opus bilprovning stockholm
car,bilbesiktning stockholm opus,10,opus bilprovning stockholm
car,opus efterbesiktning,10,opus bilprovning stockholm
car,dekra besiktning akalla,10,besiktning akalla
car,besiktning helgöppet stockholm,10,bilbesiktning stockholm
car,besiktning södermalm,10,bilbesiktning stockholm
car,besiktning stockholm pris,10,bilbesiktning stockholm
car,drive in besiktning stockholm,10,bilbesiktning stockholm
car,kontrollbesiktning stockholm,10,bilbesiktning stockholm
car,besiktning bandhagen,10,efterbesiktning
car,besiktning johanneshov,10,efterbesiktning
car,besiktning östermalm,10,efterbesiktning
car,besiktning skärholmen,10,efterbesiktning
car,efterbesiktning besikta,10,efterbesiktning
car,pris efterbesiktning,10,efterbesiktning
car,besiktning solna haga norra,10,besiktning av tak
car,digitala besiktningsprotokoll carspect,0,transportstyrelsen besiktningsprotokoll
