kluster,sokfras,sokningar_man,cpc_lag_sek,cpc_hog_sek,samma_siffror
overlatelse,besiktning hus,720,11.55,46.11,
overlatelse,överlåtelsebesiktning,720,13.98,47.89,
overlatelse,husbesiktning,590,14.12,54.23,
overlatelse,besiktningsman hus,260,11.05,49.39,besiktningsman vid husköp
overlatelse,besiktning hus innan köp,210,9.1,32.77,
overlatelse,besikta hus innan köp,210,9.1,32.76,"besiktiga hus innan köp, besiktning av hus innan köp, besiktning innan husköp"
overlatelse,besiktning av hus vid försäljning,70,8.68,25.98,besiktning vid försäljning av hus
overlatelse,besiktning av hus vid köp,70,9.21,30.39,"besiktning köpa hus, besiktning vid köp av hus, köpa hus besiktning"
overlatelse,överlåtelsebesiktning hus,70,10.09,38.61,
overlatelse,köpa hus utan besiktning,40,0.0,0.0,
overlatelse,överlåtelsebesiktning köpare,30,12.4,33.24,
overlatelse,anlita besiktningsman vid husköp,20,12.52,40.21,
overlatelse,besiktning hus köpare,20,9.29,69.24,
overlatelse,egen besiktning vid husköp,20,6.78,16.99,
overlatelse,besiktiga hus efter budgivning,10,0.0,0.0,
overlatelse,besiktiga hus efter köp,10,6.9,19.14,
overlatelse,besiktiga hus vid köp,10,6.47,30.25,
overlatelse,besiktning av hus köpare,10,9.66,30.98,
overlatelse,besiktning av hus köpare eller säljare,10,0.0,0.0,
overlatelse,besiktning inför husköp,10,11.03,24.84,
overlatelse,egen besiktning vid köp av hus,10,0.0,0.0,
overlatelse,husbesiktning köpare,10,10.11,29.74,
overlatelse,klausul besiktning husköp,10,0.0,0.0,
overlatelse,köpa hus besiktning innan kontrakt,10,7.63,17.85,
overlatelse,okulär besiktning hus,10,15.84,23.65,
overlatelse,anlita besiktningsman hus,10,0.0,0.0,
overlatelse,besiktningsman fritidshus,10,14.5,48.92,
overlatelse,hus besiktningsman,10,9.81,35.27,
overlatelse,överlåtelsebesiktning villa,10,0.0,0.0,
overlatelse,överlåtelsebesiktning ystad,10,0.0,0.0,
overlatelse,överlåtelsebesiktningar,10,12.06,54.11,
overlatelse,säljarbesiktning,10,15.84,74.76,
overlatelse,besikta hus eller inte,10,0.0,0.0,
overlatelse,besikta hus inför köp,10,9.59,41.67,
overlatelse,besikta hus som köpare,10,9.69,27.04,
overlatelse,besikta hus vid köp,10,11.54,35.28,
overlatelse,besiktningstekniker hus,10,15.83,21.62,
pris,besiktning hus pris,590,6.28,26.49,pris besiktning hus
pris,vad kostar besiktning av hus,390,6.75,17.7,"vad kostar besiktning hus, vad kostar det att besiktiga ett hus, vad kostar en besiktning av hus"
pris,överlåtelsebesiktning pris,140,9.46,27.46,
pris,vad kostar det att besikta ett hus,110,5.35,18.0,
pris,besikta hus innan köp pris,70,8.8,25.54,
pris,besiktningsman pris,50,9.75,27.15,
pris,besiktning bostadsrätt pris,40,7.77,21.73,
pris,besiktningsman kostnad,40,11.89,28.53,kostnad besiktningsman
pris,fuktmätning pris,30,8.12,20.31,
pris,fuktutredning kostnad,30,9.44,42.02,
pris,fuktmätning badrum kostnad,20,5.79,25.07,
pris,besiktningsman hus pris,20,8.97,26.78,
pris,besiktiga hus innan köp pris,10,0.0,0.0,
pris,hur mycket kostar besiktning av hus,10,8.13,17.0,
pris,hur mycket kostar det att besiktiga ett hus,10,3.82,17.52,
pris,slutbesiktning hus pris,10,13.02,37.89,
pris,vad kostar en besiktning hus,10,7.53,26.09,
pris,kostnad överlåtelsebesiktning,10,7.03,23.9,
pris,överlåtelsebesiktning kostnad,10,8.64,23.18,
pris,pris överlåtelsebesiktning,10,6.47,14.15,
pris,slutbesiktning pris,10,0.0,0.0,
pris,fuktskada badrum kostnad,10,0.0,0.0,
pris,badrumsbesiktning pris,10,23.58,84.61,
pris,besiktning badrum pris,10,11.05,24.67,
pris,besikta tak pris,10,15.65,56.84,
pris,fuktmätning badrum pris,10,0.0,0.0,
pris,fuktmätning betongplatta pris,10,0.0,0.0,
pris,fuktmätning kostnad,10,6.85,22.81,
pris,fuktutredning pris,10,8.26,25.74,
pris,anlita besiktningsman pris,10,15.21,31.1,
pris,besiktningsman hus kostnad,10,6.48,18.14,
pris,besiktningsman kostnad hus,10,0.0,0.0,
pris,besiktningsman lägenhet pris,10,15.39,30.04,
pris,kostnad besiktningsman bostadsrätt,10,0.0,0.0,
pris,kostnad besiktningsman hus,10,6.76,17.03,
pris,vad kostar en besiktningsman för hus,10,0.0,0.0,
pris,vad kostar en besiktningsman vid husköp,10,0.0,0.0,
pris,2 års besiktning pris,10,0.0,0.0,
pris,pris slutbesiktning,0,0.0,0.0,
pris,pris besiktning badrum,0,0.0,0.0,
pris,statusbesiktning pris,0,0.0,0.0,
pris,vad kostar slutbesiktning,0,0.0,0.0,
mogel,mögel i hus symptom,260,0.6,7.51,"symptom mögel i hus, symptom mögel i huset, symtom vid mögel i hus"
mogel,hus mögel,210,2.84,14.28,mögel i hus
mogel,mäta mögel i hus,110,3.07,9.0,
mogel,mögeldoft i hus,70,4.09,15.87,"mögellukt i hus, mögelsvamp i hus"
mogel,mögeltest hus,70,4.74,16.41,
mogel,tecken på mögel i huset,50,0.58,5.67,
mogel,få bort mögellukt i hus,40,5.39,13.06,
mogel,mögel hus,40,6.94,26.31,
mogel,mögel i hus symtom,40,0.52,5.83,
mogel,symtom mögel i hus,40,0.62,7.18,
mogel,kolla mögel i hus,30,3.23,19.69,
mogel,olika typer av mögel i hus,30,0.0,0.0,
mogel,svartmögel hus,30,0.0,0.0,
mogel,svartmögel i hus,30,1.08,26.02,
mogel,symtom på mögel i hus,30,0.47,5.72,
mogel,hitta mögel i hus,20,3.45,21.19,
mogel,kontrollera mögel i hus,20,4.92,23.0,
mogel,luktar mögel i huset,20,1.7,6.25,mögel i hus lukt
mogel,mögel i hus farligt,20,0.0,0.0,
mogel,vitmögel hus,20,0.82,19.12,
mogel,farligt mögel i hus,10,0.0,0.0,
mogel,fukt och mögel i hus,10,6.65,24.74,
mogel,grönmögel hus,10,0.0,0.0,
mogel,grönmögel i hus,10,0.0,0.0,
mogel,mäta mögel i hus själv,10,0.0,0.0,
mogel,misstänker mögel i huset,10,0.0,0.0,
mogel,mögel hus symtom,10,0.63,5.63,
mogel,mögel i hus åtgärd,10,0.0,0.0,
mogel,mögel i hus biverkningar,10,0.0,0.0,
mogel,mögel i hus hälsa,10,0.0,0.0,
mogel,mögel i hus hälsorisker,10,0.0,0.0,
mogel,mögel i hus test,10,0.0,0.0,
mogel,mögel i huset sjukdomar,10,0.0,0.0,
mogel,mögel på hus,10,0.0,0.0,
mogel,mögellukt hus,10,0.0,0.0,
mogel,mögelproblem i hus,10,0.0,0.0,
mogel,mögelsanering hus,10,8.74,70.78,
mogel,mögelsvamp hus,10,0.0,0.0,
mogel,reaktion på mögel i hus,10,0.35,4.99,
mogel,svartmögel mögel i hus,10,0.0,0.0,
mogel,svartmögel på vinden hur farligt,10,0.0,0.0,
mogel,symptom mögel hus,10,0.0,0.0,
mogel,ta bort mögel i hus,10,0.0,0.0,
mogel,ta bort mögellukt i hus,10,0.0,0.0,
mogel,test mögel i hus,10,4.51,9.89,
mogel,undersöka mögel i hus,10,5.78,27.46,
mogel,upptäcka mögel i hus,10,0.0,0.0,
mogel,vit mögelsvamp hus,10,0.0,0.0,
mogel,vitmögel i hus,10,0.15,1.55,
mogel,vitmögel mögel i hus,10,0.0,0.0,
mogel,fuktskada mögel,10,0.0,0.0,
mogel,fukt och mögel besiktning,10,28.4,136.85,
besiktningsman,besiktningsman,880,15.66,59.17,
besiktningsman,besiktningsman villa,70,13.29,57.7,
besiktningsman,anlita besiktningsman,30,10.41,39.53,
besiktningsman,besiktningsman uppsala,30,21.23,81.83,
besiktningsman,besiktningsmannen,30,12.86,45.66,
besiktningsman,besiktningsförrättare,20,4.04,20.62,
besiktningsman,besiktningsman fastighet,20,11.27,37.75,
besiktningsman,hitta besiktningsman,20,11.25,51.17,
besiktningsman,besiktningsman danderyd,10,0.0,0.0,
besiktningsman,besiktningsman försäkringsbolag,10,0.0,0.0,
besiktningsman,besiktningsman huddinge,10,0.0,0.0,
besiktningsman,besiktningsman järfälla,10,0.0,0.0,
besiktningsman,besiktningsman karlstad,10,10.84,37.84,
besiktningsman,besiktningsman lidingö,10,0.0,0.0,
besiktningsman,besiktningsman nacka,10,27.05,97.58,
besiktningsman,besiktningsman relining,10,0.0,0.0,
besiktningsman,besiktningsman södertälje,10,0.0,0.0,
besiktningsman,besiktningsman solceller,10,10.49,101.56,
besiktningsman,besiktningsman sollentuna,10,0.0,0.0,
besiktningsman,besiktningsman täby,10,0.0,0.0,
besiktningsman,besiktningsman värmdö,10,18.63,76.23,
besiktningsman,besiktningsman ystad,10,13.15,42.55,
besiktningsman,besiktningsman nära mig,0,0.0,0.0,
underhallsplan,underhållsplan brf,590,26.33,147.1,
underhallsplan,brf underhållsplan,110,19.41,116.82,
underhallsplan,underhållsplan brf lag,70,10.19,48.3,
underhallsplan,underhållsplan brf mall,70,15.65,99.73,
underhallsplan,underhållsplan brf exempel,50,14.09,52.32,
underhallsplan,underhållsplan brf krav,50,22.09,85.45,
underhallsplan,underhållsplan liten brf,50,28.75,105.11,
underhallsplan,underhållsplan brf kostnad,30,42.32,147.78,
underhallsplan,underhållsplan brf offentlig,30,7.39,52.36,
underhallsplan,underhållsplan bostadsrätt,20,22.16,60.33,
underhallsplan,underhållsplan brf pris,20,33.91,131.03,
underhallsplan,underhållsplan bostadsrättsförening krav,10,9.78,31.72,
underhallsplan,underhållsplan brf excel,10,0.0,0.0,
underhallsplan,underhållsplan brf offert,10,0.0,0.0,
underhallsplan,underhållsplan för bostadsrättsförening,10,48.6,131.69,
underhallsplan,underhållsplan pdf,10,20.4,51.5,
fuktskada,fukt skador,480,12.86,53.92,fuktskada
fuktskada,fuktskada i vägg,140,7.94,32.61,fuktskada vägg
fuktskada,fuktutredning,90,13.26,60.64,
fuktskada,fuktskador hus,50,7.13,35.04,
fuktskada,fuktskada kakel,30,0.0,0.0,
fuktskada,fuktskadad vägg,30,0.0,0.0,
fuktskada,avfuktare fuktskada,20,5.48,32.69,
fuktskada,besiktning fuktskada,20,8.71,49.01,
fuktskada,fuktskador vind,20,0.0,0.0,
fuktskada,skadeutredning,20,14.56,51.37,
fuktskada,fuktutredningar,10,16.04,32.24,
fuktskada,åtgärda fukt på vind,10,0.0,0.0,
fuktskada,åtgärda fuktskada,10,8.8,116.83,
fuktskada,besiktningsman missade fuktskada,10,0.0,0.0,
fuktskada,byggfläkt fuktskada,10,0.0,0.0,
fuktskada,fläkt fuktskada,10,0.0,0.0,
fuktskada,fukt på vinden åtgärda,10,10.76,35.04,
fuktskada,fuktskada hemförsäkring,10,0.0,0.0,
fuktskada,fuktskada krypgrund,10,9.45,22.0,fuktskador krypgrund
fuktskada,fuktskada lukt,10,0.0,0.0,
fuktskada,fuktskada på vinden,10,0.0,0.0,
fuktskada,fuktskada vind,10,0.0,0.0,
fuktskada,gammal fuktskada,10,0.0,0.0,
fuktskada,gammal torr fuktskada,10,0.0,0.0,
fuktskada,hemförsäkring fuktskada,10,10.6,45.13,
fuktskada,silverfisk fuktskada,10,0.0,0.0,
fuktskada,skadeutredare,10,21.53,62.98,
fuktskada,skadeutredningar,10,0.0,0.0,
fuktskada,utredning fuktskada,10,0.0,0.0,
fuktskada,åtgärda fukt i yttervägg,10,0.0,0.0,
fuktskada,fuktskadade hus,10,0.0,0.0,
fuktskada,fuktskadat hus,10,0.0,0.0,
fuktskada,laga fuktskadad vägg,10,0.0,0.0,
fuktskada,fuktutredare,10,15.39,57.26,
fuktskada,dold fel besiktning,0,0.0,0.0,
fuktskada,fuktskadeutredning stockholm,0,0.0,0.0,
fuktskada,skadeutredning fukt,0,0.0,0.0,
fuktskada,skadeutredning sprängning,0,0.0,0.0,
stockholm,besiktning i stockholm,390,3.82,27.51,"besiktning stockholm, byggbesiktning stockholm"
stockholm,husbesiktning stockholm,390,3.81,27.5,
stockholm,besiktningsman stockholm,110,38.02,99.19,
stockholm,överlåtelsebesiktning stockholm,70,19.76,73.49,
stockholm,bästa besiktningsman stockholm,10,0.0,0.0,
stockholm,besiktningsman hus stockholm,10,22.88,125.61,
stockholm,besiktningsman i stockholm,10,12.24,55.61,
stockholm,bra besiktningsman stockholm,10,0.0,0.0,
stockholm,oberoende besiktningsman stockholm,10,0.0,0.0,
stockholm,home inspection stockholm,0,0.0,0.0,
stockholm,besiktningsfirma stockholm,0,0.0,0.0,
stockholm,building inspector stockholm,0,0.0,0.0,
fuktmatning,fuktmätare betongplatta,390,1.06,17.62,
fuktmatning,fuktmätning,210,14.33,55.96,
fuktmatning,fuktmätning betong,70,6.07,31.91,
fuktmatning,fuktmätning hus,30,5.38,26.78,
fuktmatning,fuktmätning krypgrund,30,8.89,18.13,
fuktmatning,fuktmätning i betong,20,6.25,24.9,
fuktmatning,fuktmätning i hus,10,6.99,31.28,
fuktmatning,fuktmätning rbk,10,0.0,0.0,
fuktmatning,fuktmätningar,10,0.0,0.0,
fuktmatning,rbk fuktmätning,10,0.0,0.0,
fuktmatning,rbk mätning betong,10,0.0,0.0,
badrum,badrumsbesiktningar,170,29.17,84.66,
badrum,badrum besiktning,140,19.73,84.63,"besiktning av badrum, besiktning badrum"
badrum,badrumsbesiktning,140,31.11,84.73,
badrum,våtrumsbesiktning,70,15.45,84.25,
badrum,besiktningsman badrum,70,19.83,84.5,
badrum,besiktning badrum bostadsrätt,40,13.86,84.64,
badrum,besikta badrum,30,11.5,74.25,
badrum,slutbesiktning badrum,30,17.17,87.16,
badrum,besikta badrum efter renovering,20,13.95,83.92,
badrum,besiktning av våtrum,20,11.81,84.56,besiktning våtrum
badrum,oberoende besiktningsman badrum,20,14.32,84.48,
badrum,besikta badrum bostadsrätt,10,9.94,43.27,
badrum,besiktning av badrum efter renovering,10,17.73,73.01,
badrum,besiktningsman våtrum,10,17.61,94.61,
badrum,besiktning badrum brf,0,0.0,0.0,
badrum,besiktning badrum innan köp,0,0.0,0.0,
certifiering,besiktningsman sbr,210,11.87,46.19,sbr besiktningsman
certifiering,oberoende besiktningsman,110,11.84,53.77,
certifiering,besiktningsman certifiering,90,9.97,32.02,certifierad besiktningsman
certifiering,rise besiktningsman,40,23.04,54.24,
certifiering,sbr godkänd besiktningsman,40,12.86,42.55,
certifiering,oberoende besiktningsman hus,30,11.35,73.77,
certifiering,auktoriserad besiktningsman,20,12.33,43.17,
certifiering,rise certifierad besiktningsman,20,0.0,0.0,
certifiering,besiktningsmännens riksförbund,10,0.0,0.0,
certifiering,gbr besiktningsman,10,0.0,0.0,
certifiering,kiwa besiktningsman,10,4.78,25.05,
certifiering,krav på besiktningsman,10,0.0,0.0,
certifiering,sbr besiktningsman sök,10,0.0,0.0,
certifiering,överlåtelsebesiktning sbr,10,0.0,0.0,
certifiering,sbr överlåtelsebesiktning,10,15.76,50.53,
certifiering,oberoende besiktning,10,15.88,25.51,
certifiering,oberoende besiktningsman bygg,10,16.59,70.27,
certifiering,opartisk besiktningsman,10,15.51,46.2,
certifiering,auktoriserad besiktningsman hus,10,0.0,0.0,
certifiering,certifierad besiktningsman bygg,10,7.12,49.62,
certifiering,certifierad besiktningsman hus,10,20.05,66.31,
certifiering,certifierad besiktningsman vvs,10,0.0,0.0,
certifiering,certifierade besiktningsmän,10,0.0,0.0,
certifiering,godkänd besiktningsman,10,7.97,31.33,
certifiering,godkända besiktningsmän,10,8.84,24.44,
certifiering,besiktningsman kiwa,0,0.0,0.0,
fuktbadrum,badrum fuktskada,210,6.62,33.94,"fuktskada badrum, fuktskada i badrum, fuktskadat badrum"
fuktbadrum,fuktskada badrum tecken,90,0.0,0.0,
fuktbadrum,fuktmätning badrum,90,9.39,43.47,
fuktbadrum,fuktigt badrum,70,5.88,28.78,
fuktbadrum,fuktskydd badrum,40,6.09,22.96,
fuktbadrum,fuktskada tak badrum,30,0.0,0.0,
fuktbadrum,tecken på fuktskada badrum,30,7.07,54.28,
fuktbadrum,fuktskada badrum tak,10,0.0,0.0,
fuktbadrum,misstänker fuktskada badrum,10,0.0,0.0,
fuktbadrum,misstänkt fuktskada badrum,10,0.0,0.0,
fuktbadrum,renovera fuktskadat badrum,10,0.0,0.0,
fuktbadrum,fuktmätning badrum värden,10,0.0,0.0,
fuktbadrum,fuktmätning i badrum,10,2.96,23.94,
fuktbadrum,kontroll tätskikt badrum,0,0.0,0.0,
entreprenad,förbesiktning,170,1.38,46.0,
entreprenad,entreprenadbesiktning,170,20.95,62.43,
entreprenad,entreprenadbesiktningsman,70,11.66,47.29,
entreprenad,förbesiktning entreprenad,30,19.27,85.7,
entreprenad,entreprenadbesiktningar,20,18.8,53.43,
entreprenad,slutbesiktning entreprenad,20,0.0,0.0,
entreprenad,särskild besiktning abt 06,20,0.0,0.0,
entreprenad,besiktningsman entreprenad,10,9.48,36.98,
entreprenad,provhåltagning besiktning,10,0.0,0.0,
entreprenad,certifiering entreprenadbesiktning,10,0.0,0.0,
entreprenad,entreprenadbesiktning ab,10,19.13,40.82,
entreprenad,entreprenadbesiktning el,10,0.0,0.0,
entreprenad,sbr entreprenadbesiktning,10,0.0,0.0,
entreprenad,abt 06 besiktning,10,0.0,0.0,
entreprenad,slutbesiktning ab04,0,0.0,0.0,
entreprenad,slutbesiktning abs 18,0,0.0,0.0,
entreprenad,besiktning abt 06,0,0.0,0.0,
slutbesiktning,slutbesikning,210,20.82,59.51,slutbesiktning
slutbesiktning,slutbesiktning av hus,90,11.0,55.13,slutbesiktning hus
slutbesiktning,slutbesiktning av lägenhet,40,4.31,29.54,slutbesiktning lägenhet
slutbesiktning,fortsatt slutbesiktning,20,0.0,0.0,
slutbesiktning,slutbesiktning stockholm,10,0.0,0.0,
slutbesiktning,checklista slutbesiktning villa,10,0.0,0.0,
slutbesiktning,godkänd slutbesiktning,10,0.0,0.0,
slutbesiktning,kompletterande slutbesiktning,10,7.53,32.53,
slutbesiktning,slutbesiktning av nybyggt hus,10,9.42,30.11,
slutbesiktning,slutbesiktning bygg,10,0.0,0.0,
slutbesiktning,slutbesiktning fritidshus,10,8.31,35.98,
slutbesiktning,slutbesiktning hyreslägenhet,10,0.0,0.0,
slutbesiktning,slutbesiktning nybyggt hus,10,9.33,46.83,
slutbesiktning,slutbesiktning nyproduktion,10,0.0,0.0,
slutbesiktning,slutbesiktning nytt hus,10,0.0,0.0,
slutbesiktning,slutbesiktning renovering,10,17.29,52.37,
slutbesiktning,slutbesiktning småhus,10,0.0,0.0,
slutbesiktning,slutbesiktning tillbyggnad,10,26.96,102.83,
slutbesiktning,slutbesiktning villa,10,0.0,0.0,
slutbesiktning,slutbesiktning kök,0,0.0,0.0,
slutbesiktning,slutbesiktning nybyggnation,0,0.0,0.0,
parkett,fuktskada parkett,170,8.73,82.02,
parkett,fuktskada på parkettgolv,90,3.93,24.97,"fuktskadat parkettgolv, parkettgolv fuktskada"
parkett,fuktskadat laminatgolv,50,0.0,0.0,
parkett,fuktskada trägolv,40,0.0,0.0,
parkett,fuktskada parkettgolv,30,3.59,46.26,
parkett,fuktskada laminatgolv,20,0.0,0.0,
parkett,fuktskadat trägolv,20,0.0,0.0,
parkett,laga fuktskadad parkett,10,0.0,0.0,
parkett,laga fuktskadat parkettgolv,10,0.0,0.0,
parkett,parkett fuktskada,10,0.0,0.0,
garanti,garantibesiktning,110,14.18,38.16,
garanti,garantibesiktning 5 år,40,7.44,54.71,
garanti,garantibesiktning 2 år,30,4.99,27.95,
garanti,5 års besiktning brf,20,12.99,58.65,
garanti,garantibesiktning totalentreprenad,10,0.0,0.0,
garanti,abt 06 garantibesiktning,10,0.0,0.0,
garanti,garantibesiktning ab04,10,0.0,0.0,
garanti,garantibesiktning abt 06,10,0.0,0.0,
garanti,garantibesiktning bostadsrätt,10,0.0,0.0,
garanti,garantibesiktning brf,10,0.0,0.0,
garanti,garantibesiktning lägenhet,10,0.0,0.0,
garanti,2 års besiktning bostadsrätt,10,0.0,0.0,
garanti,2 års besiktning brf,10,0.0,0.0,
garanti,2 års besiktning lägenhet,10,0.0,0.0,
garanti,2 års garantibesiktning,10,0.0,0.0,
garanti,5 års besiktning bostadsrätt,10,13.23,55.85,
garanti,tvåårsbesiktning garantibesiktning,10,0.0,0.0,
brf,besiktningsman bostadsrätt,50,10.01,28.93,
brf,besiktningsman lägenhet,50,10.67,57.38,
brf,besikta lägenhet innan köp,40,6.07,23.34,
brf,besikta bostadsrätt innan köp,30,6.46,23.46,
brf,överlåtelsebesiktning bostadsrätt,20,11.92,34.71,
brf,överlåtelsebesiktning lägenhet,10,21.1,36.21,
brf,fuktskada bostadsrätt ansvar,10,0.0,0.0,
brf,besiktningsman lägenhet stockholm,10,0.0,0.0,
brf,besiktningsman stockholm bostadsrätt,10,0.0,0.0,
brf,besiktning av lägenhet vid flytt bostadsrätt,10,0.0,0.0,
brf,besiktning bostadsrätt innan köp,10,8.33,31.03,
brf,besiktning brf,10,18.1,88.53,
brf,besiktning nyproduktion bostadsrätt,10,6.28,24.74,
brf,besiktning renovering lägenhet,10,0.0,0.0,
brf,besiktning stambyte,10,0.0,0.0,
brf,köpa lägenhet besiktning,10,5.52,11.83,
brf,okulär besiktning bostadsrätt,10,0.0,0.0,
brf,statusbesiktning lägenhet,10,0.0,0.0,
brf,besiktning bostadsrättsförening,0,0.0,0.0,
brf,besiktning lägenhet köp,0,0.0,0.0,
brf,besiktning renovering bostadsrätt,0,0.0,0.0,
brf,statusbesiktning brf,0,0.0,0.0,
tak,besiktning av tak,70,17.02,81.53,besiktning tak
tak,oberoende besiktningsman tak,70,14.46,65.24,
tak,besikta tak,40,23.79,124.83,
tak,slutbesiktning tak,20,15.82,60.51,
tak,tak besiktning,20,26.75,117.13,
tak,fuktskada i taket,10,0.0,0.0,
tak,besiktiga tak,10,28.42,102.42,
tak,besiktning av takrenovering,10,0.0,0.0,
tak,statusbesiktning tak,10,0.0,0.0,
fuktskydd-produkt,fuktskydd,110,0.0,0.0,
fuktskydd-produkt,fuktskydd diskmaskin,70,0.0,0.0,
fuktskydd-produkt,stockholm fuktskydd,30,46.53,131.25,
fuktskydd-produkt,fuktskydd i diskbänkskåp,10,0.0,0.0,
fuktskydd-produkt,utvändigt fuktskydd,10,0.0,0.0,
kallare,fuktsanering källare,90,5.18,27.52,
kallare,fuktskada källare,30,0.0,0.0,
kallare,fuktskador källare,30,4.56,24.19,
kallare,fuktskada källarvägg,20,9.58,22.44,
kallare,fuktmätare källarvägg,10,0.0,0.0,
kallare,fuktproblem i källare,10,0.0,0.0,
kallare,fuktskada i källaren,10,7.99,30.38,
kallare,fuktskydd källarvägg,10,0.0,0.0,
kallare,utvändigt fuktskydd källare,10,0.0,0.0,
ka,kontrollansvarig stockholm,90,28.16,105.41,
ka,kontrollansvarig bygglov stockholm,50,26.77,84.33,
ka,kontrollansvarig danderyd,10,0.0,0.0,
ovk,ovk besiktning bostadsrätt,70,13.59,34.52,
ovk,ovk besiktning brf,20,15.84,68.67,
ovk,ovk besiktning lägenhet,20,9.51,34.98,
ovk,boverket ovk besiktningsmän,10,0.0,0.0,
statusbesiktning,statusbesiktning,70,16.44,57.26,
statusbesiktning,statusbesiktning fastighet,20,16.38,56.29,
statusbesiktning,statusbesiktning hus,10,0.0,0.0,
tvist,reklamation hantverkare,40,1.58,138.53,
tvist,tvist hantverkare,20,8.41,54.47,tvist med hantverkare
tvist,tvist med hantverkare om faktura,10,0.0,0.0,
tvist,fel efter renovering,0,0.0,0.0,
tvist,besiktning konsumenttjänstlagen,0,0.0,0.0,
other,protokoll besiktning,10,0.0,0.0,
other,se besiktningshistorik,10,0.0,0.0,
other,mögligt hus,10,0.0,0.0,
other,besiktning fönsterbyte,0,0.0,0.0,
other,rot avdrag besiktning,0,0.0,0.0,
